ean,brand,product,variant,size,price,compare_at,stock,active
3474637335533,L'Oréal Professionnel,Keratin Alpha Sleek Smooth Transformer για Λείανση,200ml,200ml,,,,1
3474637257651,L'Oréal Professionnel,Metal Detox Μάσκα για Απόλυτη Επανόρθωση Μαλλιών,150ml,150ml,,,,1
3474636975976,L'Oréal Professionnel,Vitamino Color Σαμπουάν,Standard,,,,,0
3474636975501,L'Oréal Professionnel,Vitamino Color Σαμπουάν,300ml,300ml,,,,1
3474636975945,L'Oréal Professionnel,Vitamino Color Σαμπουάν,500ml,500ml,,,,1
3474637242190,L'Oréal Professionnel,Vitamino Color Σαμπουάν,500ml Refill,500ml,,,,1
3474637275396,L'Oréal Professionnel,Vitamino Color Σαμπουάν,1000ml Refill,1000ml,,,,1
3474637090517,L'Oréal Professionnel,Scalp Advanced Anti-Discomfort Σαμπουάν Για Το Ευαίσθητο Τριχωτό,Standard,,,,,0
3474637090487,L'Oréal Professionnel,Scalp Advanced Anti-Discomfort Σαμπουάν Για Το Ευαίσθητο Τριχωτό,300ml,300ml,,,,1
3474637090500,L'Oréal Professionnel,Scalp Advanced Anti-Discomfort Σαμπουάν Για Το Ευαίσθητο Τριχωτό,500ml,500ml,,,,1
3474636974375,L'Oréal Professionnel,Blondifier Gloss Σαμπουάν Για Ξανθά Μαλλιά,Standard,,,,,0
3474636975662,L'Oréal Professionnel,Blondifier Gloss Σαμπουάν Για Ξανθά Μαλλιά,Standard,,,,,0
3474637109370,L'Oréal Professionnel,Scalp Advanced Anti-Dandruff Σαμπουάν Κατά της πιτυρίδας,300ml,300ml,,,,1
3474637374617,L'Oréal Professionnel,Metal Detox Mini Duo Kit Για Προστασία Από Τα Μεταλλικά Στοιχεία,Standard,,,,,1
3474636977307,L'Oréal Professionnel,Pro Longer Leave-in Κρέμα Κατά Της Ψαλίδας Για Πιο Μακριά Μαλλιά,150ml,150ml,,,,1
3474636976133,L'Oréal Professionnel,Silver Conditioner Για Λευκά ή Ασημί Μαλλιά,200ml,200ml,,,,1
3474637076498,L'Oréal Professionnel,Curl Expression Σπρέι Αναζωογόνησης Για Σγουρά Μαλλιά,190ml,190ml,,,,1
3474637269029,L'Oréal Professionnel,Vitamino Color Spectrum Conditioner Για Όλους Τους Τύπους Βαμμένων Μαλλιών,200ml,200ml,,,,1
3474637268985,L'Oréal Professionnel,Vitamino Color Spectrum Conditioner Για Όλους Τους Τύπους Βαμμένων Μαλλιών,750ml,750ml,,,,1
3474637202866,L'Oréal Professionnel,X Zuvi AirLight Pro: Επαγγελματικό Σεσουάρ Μαλλιών Υπέρυθρης Ακτινοβολίας με προηγμένη τεχνολογία υπέρυθρων.,Standard,,,,,1
3474637335694,L'Oréal Professionnel,Keratin Alpha Sleek Professional Mask για Λείανση,250ml,250ml,,,,1
3474637335656,L'Oréal Professionnel,Keratin Alpha Sleek Professional Mask για Λείανση,500ml,500ml,,,,1
3474637324766,L'Oréal Professionnel,"AirLight Pro Filters Pack: Πακέτο Φίλτρων, 2 Κύρια και 2 Φίλτρα Χειρολαβής.",Standard,,,,,1
3474637324728,L'Oréal Professionnel,"AirLight Pro Professional Comb Nozzle: Επαγγελματικό Ακροφύσιο Χτένας, σχεδιασμένο για σγουρά και με μπούκλες μαλλιά, ξεμπλέκει και λειαίνει με την ταχύτητα του φωτός.",Standard,,,,,1
3474636975396,L'Oréal Professionnel,Pro Longer Μάσκα Κατά Της Ψαλίδας Για Πιο Μακριά Μαλλιά,Standard,,,,,0
3474636976065,L'Oréal Professionnel,Pro Longer Μάσκα Κατά Της Ψαλίδας Για Πιο Μακριά Μαλλιά,250ml,250ml,,,,1
3474637374785,L'Oréal Professionnel,Infinium Pure Λακ Μαλλιών,Δυνατό κράτημα · 300ml,300ml,,,,1
3474636476602,L'Oréal Professionnel,Infinium Pure Λακ Μαλλιών,Δυνατό κράτημα · 300ml,300ml,,,,1
3474636471706,L'Oréal Professionnel,Infinium Pure Λακ Μαλλιών,Απαλό κράτημα · 300ml,300ml,,,,1
3474636476633,L'Oréal Professionnel,Infinium Pure Λακ Μαλλιών,Πολύ δυνατό κράτημα · 300ml,300ml,,,,1
3474636975679,L'Oréal Professionnel,Vitamino Color Μάσκα Για Βαμμένα Μαλλιά,Standard,,,,,0
3474636976041,L'Oréal Professionnel,Vitamino Color Μάσκα Για Βαμμένα Μαλλιά,250ml,250ml,,,,1
3474637217907,L'Oréal Professionnel,Absolut Repair Molecular Μάσκα Μοριακής Επανόρθωσης για Ταλαιπωρημένα Μαλλιά,Standard,,,,,0
3474637217884,L'Oréal Professionnel,Absolut Repair Molecular Μάσκα Μοριακής Επανόρθωσης για Ταλαιπωρημένα Μαλλιά,250ml,250ml,,,,1
3474637255657,L'Oréal Professionnel,Absolut Repair Molecular Μάσκα Μοριακής Επανόρθωσης για Ταλαιπωρημένα Μαλλιά,150ml,150ml,,,,1
3474637090579,L'Oréal Professionnel,Scalp Advanced A-Discomfort Περιποίηση Για Το Ευαίσθητο Τριχωτό,200ml,200ml,,,,1
3474637153601,L'Oréal Professionnel,Absolut Repair Molecular Τεχνική Περιποίηση Μοριακής Επανόρθωσης Για Ταλαιπωρημένα Μαλλιά,Standard,,,,,0
3474637090524,L'Oréal Professionnel,Scalp Advanced Anti-Oily Άργιλος Κατά της λιπαρότητας,250ml,250ml,,,,1
3474636975570,L'Oréal Professionnel,Silver Σαμπουάν Για Λευκά ή Ασημί Μαλλιά,Standard,,,,,0
3474636974115,L'Oréal Professionnel,Silver Σαμπουάν Για Λευκά ή Ασημί Μαλλιά,300ml,300ml,,,,1
3474636977369,L'Oréal Professionnel,Absolut Repair Έλαιο Εντατικής Αναδόμησης Πολλαπλών Χρήσεων Για Ταλαιπωρημένα Μαλλιά,90ml,90ml,,,,1
3474636975358,L'Oréal Professionnel,Vitamino Color Conditioner Για Βαμμένα Μαλλιά,Standard,,,,,0
3474636975693,L'Oréal Professionnel,Vitamino Color Conditioner Για Βαμμένα Μαλλιά,200ml,200ml,,,,1
3474637268527,L'Oréal Professionnel,Vitamino Color Spectrum Σαμπουάν,300ml,300ml,,,,1
3474637268763,L'Oréal Professionnel,Vitamino Color Spectrum Σαμπουάν,500ml,500ml,,,,1
3474637268503,L'Oréal Professionnel,Vitamino Color Spectrum Σαμπουάν,1500ml,1500ml,,,,1
3474637270018,L'Oréal Professionnel,Vitamino Color Spectrum Σαμπουάν,500ml Refill,500ml,,,,1
3474637275518,L'Oréal Professionnel,Vitamino Color Spectrum Σαμπουάν,1000ml Refill,1000ml,,,,1
3474637292423,L'Oréal Professionnel,Absolut Repair Molecular Bi-Phase Oil για Ταλαιπωρημένα Μαλλιά,30ml,30ml,,,,1
3474637292447,L'Oréal Professionnel,Absolut Repair Molecular Bi-Phase Oil για Ταλαιπωρημένα Μαλλιά,90ml,90ml,,,,1
3474637106331,L'Oréal Professionnel,"Aminexil Advanced Full, Strong Ορός Κατά της τριχόπτωσης",90ml,90ml,,,,1
3474636975457,L'Oréal Professionnel,Pro Longer Conditioner Κατά Της Ψαλίδας Για Πιο Μακριά Μαλλιά,Standard,,,,,0
3474636976102,L'Oréal Professionnel,Pro Longer Conditioner Κατά Της Ψαλίδας Για Πιο Μακριά Μαλλιά,200ml,200ml,,,,1
3474637106355,L'Oréal Professionnel,Serioxyl Advanced Density Σαμπουάν Για Πύκνωση,Standard,,,,,0
3474637106393,L'Oréal Professionnel,Serioxyl Advanced Density Σαμπουάν Για Πύκνωση,300ml,300ml,,,,1
3474637363819,L'Oréal Professionnel,Absolut Repair Molecular Mini Duo Set Σαμπουάν & Έλαιο,Standard,,,,,1
3474637363826,L'Oréal Professionnel,Absolut Repair Molecular Mini Duo Set Σαμπουάν & Leave-in Μάσκα,Standard,,,,,1
3474637277765,L'Oréal Professionnel,Tecni.ART Flex Waves Σπρέι Υφής με Αλατόνερο,190ml,190ml,,,,1
3474637220631,L'Oréal Professionnel,Absolut Repair Molecular Leave-in Μάσκα Μοριακής Επανόρθωσης Για Ταλαιπωρημένα Μαλλιά,50ml,50ml,,,,1
3474637153489,L'Oréal Professionnel,Absolut Repair Molecular Leave-in Μάσκα Μοριακής Επανόρθωσης Για Ταλαιπωρημένα Μαλλιά,100ml,100ml,,,,1
3474637264994,L'Oréal Professionnel,Aminexil Αμπούλες,10x6ml,10x6ml,,,,1
3474637265014,L'Oréal Professionnel,Aminexil Αμπούλες,42x6ml,42x6ml,,,,1
3474630698345,L'Oréal Professionnel,Hair Touch Up Σπρέι Κάλυψης Ριζών,Light Brown · 75ml,75ml,,,,1
3474630698000,L'Oréal Professionnel,Hair Touch Up Σπρέι Κάλυψης Ριζών,Black · 75ml,75ml,,,,1
3474630698505,L'Oréal Professionnel,Hair Touch Up Σπρέι Κάλυψης Ριζών,Dark Blonde · 75ml,75ml,,,,1
3474636434145,L'Oréal Professionnel,Hair Touch Up Σπρέι Κάλυψης Ριζών,Warm Blonde · 75ml,75ml,,,,1
3474636434091,L'Oréal Professionnel,Hair Touch Up Σπρέι Κάλυψης Ριζών,Mahogany Brown · 75ml,75ml,,,,1
3474630698185,L'Oréal Professionnel,Hair Touch Up Σπρέι Κάλυψης Ριζών,Brown · 75ml,75ml,,,,1
3474636974368,L'Oréal Professionnel,Vitamino Color Σπρέι Πολλαπλών Χρήσεων Για Βαμμένα Μαλλιά,190ml,190ml,,,,1
3474637069216,L'Oréal Professionnel,Curl Expression Μάσκα Βαθιάς Ενυδάτωσης Για Σγουρά Μαλλιά,250ml,250ml,,,,1
3474637069100,L'Oréal Professionnel,Curl Expression Μάσκα Βαθιάς Ενυδάτωσης Για Σγουρά Μαλλιά,500ml,500ml,,,,1
3474636975310,L'Oréal Professionnel,Absolut Repair Χρυσή Μάσκα Εντατικής Αναδόμησης Για Ταλαιπωρημένα Μαλλιά,250ml,250ml,,,,1
3474636975174,L'Oréal Professionnel,Absolut Repair Χρυσή Μάσκα Εντατικής Αναδόμησης Για Ταλαιπωρημένα Μαλλιά,500ml,500ml,,,,1
3474636974252,L'Oréal Professionnel,Absolut Repair Μάσκα Εντατικής Αναδόμησης Για Ταλαιπωρημένα Μαλλιά,250ml,250ml,,,,1
3474636975433,L'Oréal Professionnel,Absolut Repair Μάσκα Εντατικής Αναδόμησης Για Ταλαιπωρημένα Μαλλιά,500ml,500ml,,,,1
3474636974214,L'Oréal Professionnel,Absolut Repair Σαμπουάν,300ml,300ml,,,,1
3474636975914,L'Oréal Professionnel,Absolut Repair Σαμπουάν,500ml,500ml,,,,1
3474636975938,L'Oréal Professionnel,Absolut Repair Σαμπουάν,1500ml,1500ml,,,,1
3474637242206,L'Oréal Professionnel,Absolut Repair Σαμπουάν,500ml Refill,500ml,,,,1
3474637275402,L'Oréal Professionnel,Absolut Repair Σαμπουάν,1000ml Refill,1000ml,,,,1
3474637363741,L'Oréal Professionnel,Vitamino Color Spectrum Mini Duo Set για Βαμμένα Μαλλιά,Standard,,,,,1
3474636819713,L'Oréal Professionnel,Steampod 3.0 Ισιωτική Πρέσα Ατμού,Standard,,,,,1
3474637328900,L'Oréal Professionnel,Metal Detox Σαμπουάν,100ml,100ml,,,,1
3474637242213,L'Oréal Professionnel,Metal Detox Σαμπουάν,500ml Refill,500ml,,,,1
3474637275419,L'Oréal Professionnel,Metal Detox Σαμπουάν,1000ml Refill,1000ml,,,,1
3474637090609,L'Oréal Professionnel,Metal Detox Έλαιο Απομάκρυνσης Και Προστασίας Από Τα Μεταλλικά Στοιχεία,50ml,50ml,,,,1
3474637335755,L'Oréal Professionnel,Keratin Alpha Sleek Professional Shampoo Pouch,300ml,300ml,,,,1
3474637335731,L'Oréal Professionnel,Keratin Alpha Sleek Professional Shampoo Pouch,500ml,500ml,,,,1
3474637335717,L'Oréal Professionnel,Keratin Alpha Sleek Professional Shampoo Pouch,1500ml,1500ml,,,,1
3474637335786,L'Oréal Professionnel,Keratin Alpha Sleek Professional Shampoo Pouch,500ml Refill,500ml,,,,1
3474637335489,L'Oréal Professionnel,Keratin Alpha Sleek Professional Shampoo Pouch,1000ml Refill,1000ml,,,,1
3474637277772,L'Oréal Professionnel,Tecni Art All-in-1 Performer Περιποίηση με 30 Οφέλη,190ml,190ml,,,,1
3474637069193,L'Oréal Professionnel,Curl Expression Κρεμώδες Σαμπουάν Πλούσιας Ενυδάτωσης Για Σγουρά Μαλλιά,300ml,300ml,,,,1
3474637076504,L'Oréal Professionnel,Curl Expression Κρεμώδες Σαμπουάν Πλούσιας Ενυδάτωσης Για Σγουρά Μαλλιά,500ml,500ml,,,,1
3474637153571,L'Oréal Professionnel,Absolut Repair Molecular Σαμπουάν Μοριακής Επανόρθωσης Για Ταλαιπωρημένα Μαλλιά,Standard,,,,,0
3474637361877,L'Oréal Professionnel,Absolut Repair Molecular Σαμπουάν Μοριακής Επανόρθωσης Για Ταλαιπωρημένα Μαλλιά,100ml,100ml,,,,1
3474637153526,L'Oréal Professionnel,Absolut Repair Molecular Σαμπουάν Μοριακής Επανόρθωσης Για Ταλαιπωρημένα Μαλλιά,300ml,300ml,,,,1
3474637153557,L'Oréal Professionnel,Absolut Repair Molecular Σαμπουάν Μοριακής Επανόρθωσης Για Ταλαιπωρημένα Μαλλιά,500ml,500ml,,,,1
3474637242220,L'Oréal Professionnel,Absolut Repair Molecular Σαμπουάν Μοριακής Επανόρθωσης Για Ταλαιπωρημένα Μαλλιά,500ml Refill,500ml,,,,1
3474637275341,L'Oréal Professionnel,Absolut Repair Molecular Σαμπουάν Μοριακής Επανόρθωσης Για Ταλαιπωρημένα Μαλλιά,1000ml Refill,1000ml,,,,1
3474637069124,L'Oréal Professionnel,Curl Expression Leave-in Κρέμα Ενυδάτωσης Για Σγουρά Μαλλιά,200ml,200ml,,,,1
3474637069155,L'Oréal Professionnel,Curl Expression Κρεμώδες Gel Για Σγουρά Μαλλιά,250ml,250ml,,,,1
3474637268466,L'Oréal Professionnel,Vitamino Color Spectrum Μάσκα Για Όλους Τους Τύπους Βαμμένων Μαλλιών,250ml,250ml,,,,1
3474637268183,L'Oréal Professionnel,Vitamino Color Spectrum Μάσκα Για Όλους Τους Τύπους Βαμμένων Μαλλιών,500ml,500ml,,,,1
3474637109738,L'Oréal Professionnel,Curl Expression 10-Σε-1 ​Κρεμώδης Αφρός Για Σγουρά Μαλλιά,250ml,250ml,,,,1
3474637285753,L'Oréal Professionnel,Absolut Repair Molecular Mini Duo Kit Μοριακής Επανόρθωσης για Ταλαιπωρημένα Μαλλιά,Standard,,,,,1
3474637153502,L'Oréal Professionnel,Absolut Repair Molecular Serum Μοριακής Επανόρθωσης Που Ξεβγάζεται Για Ταλαιπωρημένα Μαλλιά,250ml,250ml,,,,1
3474637106348,L'Oréal Professionnel,Serioxyl Advanced Density Ορός Για Πύκνωση,90ml,90ml,,,,1
3474637106454,L'Oréal Professionnel,Scalp Advanced Anti-Oily Σαμπουάν Κατά της λιπαρότητας,300ml,300ml,,,,1
3474637106416,L'Oréal Professionnel,Scalp Advanced Anti-Oily Σαμπουάν Κατά της λιπαρότητας,1500ml,1500ml,,,,1
3474637273941,L'Oréal Professionnel,Tecni.ART Flex Curl Definer Κρέμα Διπλής Δράσης για Τέλεια Διαμόρφωση & Ελαστικότητα στις Μπούκλες,200ml,200ml,,,,1
3474637199708,L'Oréal Professionnel,Metal Detox Pre-Shampoo Περιποίηση Απομάκρυνσης Και Προστασίας Από Τα Μεταλλικά Στοιχεία,250ml,250ml,,,,1
3474637294397,L'Oréal Professionnel,Absolut Repair Έλαιο Θρέψης για Όλους τους Τύπους Μαλλιών,30ml,30ml,,,,1
3474637153434,L'Oréal Professionnel,SteamPod Περιποίηση Λείανσης,50ml,50ml,,,,1
3474636975600,L'Oréal Professionnel,Pro Longer Σαμπουάν,Standard,,,,,0
3474636974412,L'Oréal Professionnel,Pro Longer Σαμπουάν,300ml,300ml,,,,1
3474636975846,L'Oréal Professionnel,Pro Longer Σαμπουάν,500ml,500ml,,,,1
3474637275471,L'Oréal Professionnel,Pro Longer Σαμπουάν,1000ml Refill,1000ml,,,,1
3474637069230,L'Oréal Professionnel,Curl Expression Μάσκα Πλούσιας Ενυδάτωσης Για Σγουρά Μαλλιά,250ml,250ml,,,,1
3474637069162,L'Oréal Professionnel,Curl Expression Μάσκα Πλούσιας Ενυδάτωσης Για Σγουρά Μαλλιά,500ml,500ml,,,,1
3474636976027,L'Oréal Professionnel,Blondifier Μάσκα Για Ξανθά Μαλλιά,Standard,,,,,0
3474636975419,L'Oréal Professionnel,Blondifier Μάσκα Για Ξανθά Μαλλιά,Standard,,,,,0
3474637116415,L'Oréal Professionnel,Steampod 4.0 Πρέσα Ατμού για Ίσιωμα και Μπούκλες,Standard,,,,,1
3474637268428,L'Oréal Professionnel,Vitamino Color Spectrum Glass Shine Serum Για Όλους Τους Τύπους Βαμμένων Μαλλιών,30ml,30ml,,,,1
3474637268442,L'Oréal Professionnel,Vitamino Color Spectrum Glass Shine Serum Για Όλους Τους Τύπους Βαμμένων Μαλλιών,50ml,50ml,,,,1
3474637292461,L'Oréal Professionnel,Tecni.ART Flex Blowdry Κρέμα με Θερμοπροστασία,150ml,150ml,,,,1
3474636976089,L'Oréal Professionnel,Absolut Repair Conditioner Εντατικής Αναδόμησης Για Ταλαιπωρημένα Μαλλιά,200ml,200ml,,,,1
3474636975471,L'Oréal Professionnel,Absolut Repair Conditioner Εντατικής Αναδόμησης Για Ταλαιπωρημένα Μαλλιά,750ml,750ml,,,,1
3474637268398,L'Oréal Professionnel,Vitamino Color Spectrum Σαμπουάν Με Μωβ Χρωστικές Για Ξανθά Μαλλιά,300ml,300ml,,,,1
3474637335618,L'Oréal Professionnel,Keratin Alpha Sleek Mirror Sleek Serum για Λείανση,50ml,50ml,,,,1
EVQ-1,EVOQUE,EVOQUE Smart Keratin Σαμπουάν,380ml,380ml,22.00,,,1
EVQ-2,EVOQUE,EVOQUE Smart Keratin Conditioner,380ml,380ml,17.50,,,1
EVQ-3,EVOQUE,EVOQUE Smart Keratin Μάσκα,500ml,500ml,40.00,,,1
EVQ-4,EVOQUE,EVOQUE Smart Keratin Λάδι Περιποίησης,90ml,90ml,24.00,,,1
EVQ-5,EVOQUE,EVOQUE Smart Keratin Frizz Control,235ml,235ml,24.50,,,1
EVQ-6,EVOQUE,EVOQUE Mini Smart Keratin Σαμπουάν,100ml,100ml,5.50,,,1
EVQ-7,EVOQUE,EVOQUE Mini Smart Keratin Conditioner,100ml,100ml,5.50,,,1
EVQ-8,EVOQUE,EVOQUE Mini Smart Keratin 2-Phase,100ml,100ml,5.50,,,1
EVQ-9,EVOQUE,EVOQUE Blonde Purple Μάσκα,250ml,250ml,19.00,,,1
EVQ-10,EVOQUE,EVOQUE Blonde Purple 2-Phase,400ml,400ml,20.00,,,1
EVQ-11,EVOQUE,EVOQUE Pomade Matte Look No4,100ml,100ml,8.00,,,1
EVQ-12,EVOQUE,EVOQUE Pomade Shine No5,100ml,100ml,8.00,,,1
EVQ-13,EVOQUE,EVOQUE Creamy Matte Strong Hold No3,100ml,100ml,8.00,,,1
EVQ-14,EVOQUE,EVOQUE Hair Butter,150ml,150ml,14.50,,,1
EVQ-15,EVOQUE,EVOQUE Forming Cream,150ml,150ml,15.00,,,1
EVQ-16,EVOQUE,EVOQUE Milk Therapy Silky Serum,90ml,90ml,24.00,,,1
EVQ-17,EVOQUE,EVOQUE Milk Therapy Creamy Mousse,200ml,200ml,14.00,,,1
EVQ-18,EVOQUE,EVOQUE Creamy Milk Μάσκα,500ml,500ml,39.00,,,1
EVQ-19,EVOQUE,EVOQUE Mini Creamy Milk Μάσκα,50ml,50ml,5.50,,,1
EVQ-20,EVOQUE,EVOQUE Healthy Care Color Lock Mousse,200ml,200ml,16.00,,,1
EVQ-21,EVOQUE,EVOQUE Healthy Care Color Lock,2850ml,2850ml,58.00,,,1
EVQ-22,Gotstyle,Gotstyle Παιδικό Τζελ Μαλλιών,250ml,250ml,7.50,,,1
